Function,Dim,f* (true),Interaction,Std Best,Std Gap,Std Runs,Adp Best,Adp Gap,Adp Runs,Gap Δ,Status
Ackley,2,0.0,—,-4.440892098500626e-16,-4.440892098500626e-16,5,-4.440892098500626e-16,-4.440892098500626e-16,5,0.0,✓ Optimal
Rastrigin,2,0.0,—,0.0,0.0,5,0.0,0.0,5,0.0,✓ Optimal
Six-Hump Camel,2,-1.0316,x₁x₂ cross-term,0.0,1.0316,5,0.0,1.0316,5,0.0,"Std✗, Adp✗"
Branin,2,0.397887,x₁²−x₂ interaction,65.51316201489564,65.11527501489564,5,6.907537292635734,6.509650292635734,5,58.605625,"Std✗, Adp✗"
Rosenbrock,2,0.0,x₁²−x₂ coupling,1.0,1.0,5,1.0,1.0,5,0.0,"Std✗, Adp✗"
Rastrigin-10D,10,0.0,—,0.0,0.0,3,0.0,0.0,3,0.0,✓ Optimal
Rosenbrock-10D,10,0.0,xᵢ²−xᵢ₊₁ coupling,673.9962780832853,673.9962780832853,3,673.9962780832853,673.9962780832853,3,0.0,"Std✗, Adp✗"
Griewank-10D,10,0.0,∏cos(…) product term,25.99867631506404,25.99867631506404,3,25.99867631506404,25.99867631506404,3,0.0,"Std✗, Adp✗"
