run_id,method,model,dataset,fold,test_rmse,best_val,n_trials,duration_sec,param_learning_rate,param_feature_fraction,param_bagging_fraction,param_num_leaves,param_min_data_in_leaf,param_extra_trees,param_min_data_per_group,param_cat_l2,param_cat_smooth,param_max_cat_to_onehot,param_lambda_l1,param_lambda_l2,param_bagging_freq,conv_10,conv_25,conv_50,conv_100,conv_150,conv_200
20260306_121942,optuna_tpe,lightgbm,concrete_compressive_strength,1,4.1952410653813565,0.2653312163986576,50,44.34,0.04854496365718144,0.6454241852254574,0.8037011392830308,7,11,False,40,0.009229029407690506,3.417735183596819,91,0.1788728168953594,1.6653391136866047,1,0.265870470185374,0.265870470185374,0.2653312163986576,,,
20260306_121942,optuna_tpe,lightgbm,concrete_compressive_strength,2,4.653980684826981,0.2191303112246576,50,73.55,0.015052428044837326,0.7730491693832775,0.74868858276535,183,1,True,15,0.04811771668914096,0.0016274561309525806,12,0.0035479574439041097,1.4202458688641277,1,0.24790049681228515,0.2191303112246576,0.2191303112246576,,,
20260306_121942,optuna_tpe,lightgbm,concrete_compressive_strength,3,3.8913891498279263,0.2513400385368004,50,32.17,0.025997937716029717,0.949006889708104,0.8692778019358721,11,1,True,25,0.023026050537485476,0.06564144794367416,60,0.12153506309273335,0.16805711676889984,1,0.2640649309714262,0.25258840603702915,0.2513400385368004,,,
