function,basis,order,mode,best_f_mean,best_f_std,best_f_min,best_f_max,best_f_median,wall_time_mean,wall_time_std,success_rate,avg_iterations,true_optimum,optimality_gap_mean,optimality_gap_median
rastrigin_2d,Cosine,3,standard,11.241013576466523,19.47000664300982,1.3677947663381929e-13,33.72304072939757,1.865174681370263e-12,0.00789499282836914,0.0015399643908233182,1.0,1.0,0,11.241013576466523,1.865174681370263e-12
rastrigin_2d,Cosine,7,standard,30.911955621011476,9.615841135865534,20.21430305854534,38.83654838812308,33.685015416366014,0.011118412017822266,0.0008328109082451,1.0,1.0,0,30.911955621011476,33.685015416366014
rosenbrock_2d,Cosine,3,standard,1.8062418392862576,1.1294572896318025,0.9999994960697007,3.097143238262731,1.321582783526341,0.009091615676879883,0.0042747088315909605,1.0,1.0,0,1.8062418392862576,1.321582783526341
rosenbrock_2d,Cosine,7,standard,2.144163221840896,0.7341700617588286,1.301970230204459,2.649157889342489,2.4813615459757408,0.009364048639933268,0.0008901798933972221,1.0,1.0,0,2.144163221840896,2.4813615459757408
