model,seed,metrics,optimization_time,optimal_params,nfev,nit,success
xgboost,42,"{'mse': 4.824914286809175, 'rmse': 2.1965687530348728, 'mae': 1.5872778695264262, 'mape': 10.503000812219437, 'smape': 5.55357843352068, 'mase': 1.4461040464138244}",45.35261392593384,"{'learning_rate': 0.1505, 'max_depth': 5, 'subsample': 0.75, 'colsample_bytree': 0.75, 'min_child_weight': 5, 'gamma': 2.5}",200,1,True
xgboost,43,"{'mse': 4.824914286809175, 'rmse': 2.1965687530348728, 'mae': 1.5872778695264262, 'mape': 10.503000812219437, 'smape': 5.55357843352068, 'mase': 1.4461040464138244}",46.16182017326355,"{'learning_rate': 0.1505, 'max_depth': 5, 'subsample': 0.75, 'colsample_bytree': 0.75, 'min_child_weight': 5, 'gamma': 2.5}",200,1,True
xgboost,44,"{'mse': 4.824914286809175, 'rmse': 2.1965687530348728, 'mae': 1.5872778695264262, 'mape': 10.503000812219437, 'smape': 5.55357843352068, 'mase': 1.4461040464138244}",44.90603685379028,"{'learning_rate': 0.1505, 'max_depth': 5, 'subsample': 0.75, 'colsample_bytree': 0.75, 'min_child_weight': 5, 'gamma': 2.5}",200,1,True
lightgbm,42,"{'mse': 6.466263726912497, 'rmse': 2.542884922074237, 'mae': 1.8996185956453007, 'mape': 12.723547751666105, 'smape': 6.666998703024533, 'mase': 1.7306649267561534}",125.7858624458313,"{'learning_rate': 0.1505, 'num_leaves': 129, 'min_data_in_leaf': 50, 'feature_fraction': 0.75, 'bagging_fraction': 0.75}",200,1,True
lightgbm,43,"{'mse': 6.466263726912497, 'rmse': 2.542884922074237, 'mae': 1.8996185956453007, 'mape': 12.723547751666105, 'smape': 6.666998703024533, 'mase': 1.7306649267561534}",122.89862012863159,"{'learning_rate': 0.1505, 'num_leaves': 129, 'min_data_in_leaf': 50, 'feature_fraction': 0.75, 'bagging_fraction': 0.75}",200,1,True
lightgbm,44,"{'mse': 6.466263726912497, 'rmse': 2.542884922074237, 'mae': 1.8996185956453007, 'mape': 12.723547751666105, 'smape': 6.666998703024533, 'mase': 1.7306649267561534}",128.39522075653076,"{'learning_rate': 0.1505, 'num_leaves': 129, 'min_data_in_leaf': 50, 'feature_fraction': 0.75, 'bagging_fraction': 0.75}",200,1,True
