Model,Mean MAPE,Std MAPE,Best MAPE,Worst MAPE,Mean Time (s),Success Rate
XGBOOST,10.503000812219437,0.0,10.503000812219437,10.503000812219437,45.47349031766256,1.0
LIGHTGBM,12.723547751666105,0.0,12.723547751666105,12.723547751666105,125.69323444366455,1.0
