Model,Mean_MAPE,Std_MAPE,Best_MAPE,Worst_MAPE,Mean_Time_s,Success_Rate
GRU,40.0857872402656,15.080412979697732,18.798308769818437,51.85234824898666,449.3164441585541,1.0
LSTM,52.09606679306464,0.2846200296966995,51.89430797822231,52.49857988135034,478.2470460732778,1.0
NBEATS,35.94889948159038,16.28160162591948,12.923237645059213,47.46173039985596,1402.2066249847412,1.0
