{
    "rastrigin_2d": [0, 0],
    "testfunc_2d": [0, 0],
    "camel3_2d": [0, 0],
    "camel16_2d": [[-0.0898, 0.7126], [0.0898, -0.7126]],
    "treccani_2d": [[-2, 0], [0, 0]],
    "goldstein_2d": [0, -1],
    "branin_2d": [[-3.14159, 12.275], [3.14159, 2.275], [9.42478, 2.475]],
    "rosenbrock_2d": [1, 1],
    "ackley_2d": [0, 0]
  }
  