{
  "testfunc_2d": [[0.0, 0.0]],
  "rastrigin_2d": [[0.0, 0.0]],
  "camel3_2d": [[0.0, 0.0]],
  "camel16_2d": [
    [-0.0898, 0.7126],
    [0.0898, -0.7126]
  ],
  "treccani_2d": [
    [-2.0, 0.0],
    [0.0, 0.0]
  ],
  "goldstein_2d": [[0.0, -1.0]],
  "branin_2d": [
    [-3.141592653589793, 12.275],
    [3.141592653589793, 2.275],
    [9.42478, 2.475]
  ],
  "rosenbrock_2d": [[1.0, 1.0]],
  "ackley_2d": [[0.0, 0.0]],
  "rosenbrock_10d": [[1.0, 1.0, 1.0, 1.0, 1.0, 1.0, 1.0, 1.0, 1.0, 1.0]],
  "griewank_10d": [[100.0, 100.0, 100.0, 100.0, 100.0, 100.0, 100.0, 100.0, 100.0, 100.0]],
  "rastrigin_10d": [[0.0, 0.0, 0.0, 0.0, 0.0, 0.0, 0.0, 0.0, 0.0, 0.0]],
  "schwefel": [[420.9687, 420.9687, 420.9687, 420.9687, 420.9687, 420.9687, 420.9687, 420.9687, 420.9687, 420.9687]],
  "levy": [[1.0, 1.0, 1.0, 1.0, 1.0, 1.0, 1.0, 1.0, 1.0, 1.0]],
  "zakharov": [[0.0, 0.0, 0.0, 0.0, 0.0, 0.0, 0.0, 0.0, 0.0, 0.0]],
  "sphere": [[0.0, 0.0, 0.0, 0.0, 0.0, 0.0, 0.0, 0.0, 0.0, 0.0]],
  "sum_of_different_powers": [[0.0, 0.0, 0.0, 0.0, 0.0, 0.0, 0.0, 0.0, 0.0, 0.0]],
  "styblinski_tang": [[-2.903534, -2.903534, -2.903534, -2.903534, -2.903534, -2.903534, -2.903534, -2.903534, -2.903534, -2.903534]],
  "dixon_price": [[1.0, 1.189207, 1.271845, 1.318885, 1.346533, 1.363953, 1.375432, 1.383385, 1.389214, 1.393531]],
  "michalewicz": null
}
