{
  "testfunc_2d": [[0.0, 0.0]],
  "rastrigin_2d": [[0.0, 0.0]],
  "rastrigin_10d": [[0.0, 0.0, 0.0, 0.0, 0.0, 0.0, 0.0, 0.0, 0.0, 0.0]],
  "camel3_2d": [[0.0, 0.0]],
  "camel16_2d": [
    [-0.0898, 0.7126],
    [0.0898, -0.7126]
  ],
  "treccani_2d": [
    [-2.0, 0.0],
    [0.0, 0.0]
  ],
  "goldstein_2d": [[0.0, -1.0]],
  "branin_2d": [
    [-3.141592653589793, 12.275],
    [3.141592653589793, 2.275],
    [9.42478, 2.475]
  ],
  "rosenbrock_2d": [[1.0, 1.0]],
  "rosenbrock_10d": [[1.0, 1.0, 1.0, 1.0, 1.0, 1.0, 1.0, 1.0, 1.0, 1.0]],
  "ackley_2d": [[0.0, 0.0]],
  "griewank_10d": [[100.0, 100.0, 100.0, 100.0, 100.0, 100.0, 100.0, 100.0, 100.0, 100.0]]
}